-- Adminer 4.2.0 MySQL dump

SET NAMES utf8mb4;
SET time_zone = '+00:00';
SET foreign_key_checks = 0;
SET sql_mode = 'NO_AUTO_VALUE_ON_ZERO';

DROP TABLE IF EXISTS `articles`;
CREATE TABLE `articles` (
  `ARTICLE_ID` int(11) NOT NULL AUTO_INCREMENT,
  `HEADER` varchar(100) COLLATE utf8_czech_ci NOT NULL,
  `IMAGE` varchar(100) COLLATE utf8_czech_ci DEFAULT NULL,
  `AUTHOR_ID` int(11) NOT NULL,
  `DATE_ADDED` timestamp NOT NULL DEFAULT CURRENT_TIMESTAMP,
  `CONTENT` text COLLATE utf8_czech_ci NOT NULL,
  PRIMARY KEY (`ARTICLE_ID`),
  KEY `AUTHOR_ID` (`AUTHOR_ID`),
  CONSTRAINT `articles_ibfk_1` FOREIGN KEY (`AUTHOR_ID`) REFERENCES `authors` (`AUTHOR_ID`)
) ENGINE=InnoDB AUTO_INCREMENT=27 DEFAULT CHARSET=utf8 COLLATE=utf8_czech_ci;

INSERT INTO `articles` (`ARTICLE_ID`, `HEADER`, `IMAGE`, `AUTHOR_ID`, `DATE_ADDED`, `CONTENT`) VALUES
(17,	'Rusko na Rudém náměstí ukázalo svou armádu',	'../www/images/articles/zoll8rsak9.jpg',	3,	'2015-05-08 10:45:22',	'Na přehlídce se představilo 16 000 vojáků a asi 200 strojů, očekávalo se především představení nového tanku T-14 Armata nebo obrněného transportéru Kurganěc.\nV ulicích Moskvy přehlídky přihlížely desetitisíce lidí. Nad jejich hlavami prolétlo 150 letadel.\nPřehlídka začala projevem Vladimira Putina. Poděkoval západním spojencům za podíl na válečném vítězství a sovětským veteránům za jejich válečné úsilí, které před 70 lety vyvrcholilo dobytím Berlína.\nVyslovil se pro systém bezpečnosti, který odpovídá dnešním hrozbám. \"Naším společným úkolem se musí stát vypracování systému rovnoprávné bezpečnosti všech států odpovídající soudobým hrozbám, který bude vybudován na regionálním a globálním základě mimo vojenské bloky,\" řekl Putin.\nÚřady kvůli erupci zvýšily stupeň ohrožení letecké dopravy. Podle agentury Interfax to sdělilo ruské ministerstvo pro mimořádné situace.\n\nOblak popela se protáhl do délky 72 kilometrů jihozápadním směrem od vulkánu. Vzhledem k jeho výšce a velikosti platí pro sopku oranžový, zvýšený stupeň nebezpečí pro mezinárodní leteckou dopravu.\n\n\"Spad popela nebyl v obydlených místech Kamčatského kraje zaznamenán,\" uvádí se rovněž v informaci. Nicméně všechny turistické agentury byly upozorněny na nebezpečí, které hrozí turistům při výpravách k sopce. Ministerstvo v této souvislosti doporučilo vyhnout se trasám vedoucím v její blízkosti.Úřady kvůli erupci zvýšily stupeň ohrožení letecké dopravy. Podle agentury Interfax to sdělilo ruské ministerstvo pro mimořádné situace.\n\nOblak popela se protáhl do délky 72 kilometrů jihozápadním směrem od vulkánu. Vzhledem k jeho výšce a velikosti platí pro sopku oranžový, zvýšený stupeň nebezpečí pro mezinárodní leteckou dopravu.\n\n\"Spad popela nebyl v obydlených místech Kamčatského kraje zaznamenán,\" uvádí se rovněž v informaci. Nicméně všechny turistické agentury byly upozorněny na nebezpečí, které hrozí turistům při výpravách k sopce. Ministerstvo v této souvislosti doporučilo vyhnout se trasám vedoucím v její blízkosti.'),
(18,	'Prime minister says something',	'../www/images/articles/it07pmflbf.jpg',	4,	'2015-05-09 11:52:16',	'PM John Key tweeted: \"Great to welcome Prince Harry to New Zealand on a brilliant Wellington day.\"\nHe also tweeted pictures of the \"fantastic crowd\" waiting for the prince as well as a puppy that the prime minister brought along to welcome him.Kensington Palace tweeted a picture of the Prince watching a powhiri - a Maori welcoming ritual - followed by a haka.He was treated to the ceremonial welcome on the lawn in front of Government House. the home of the Governor General Sir Jerry Mateparae and his wife Lady Janine.\n\nPerformed by members of the New Zealand armed forces, the powhiri started with a wero, an ancient tradition to determine whether visitors come in peace.\nAt the house he was invited to hongi, where he clasped hands and pressed his nose up against the people he met.The Maori Cultural group welcome Prince Harry at Government House in Wellington\nPrince Harry is welcomed by fans during a visit to Pukeahu National War Memorial Park\nHe also saw a mass haka by students from a local college and was given a 21-gun salute.The prince then met school children, one of whom presented him with a card for his new-born niece.\nRakaia Burwell-Garratt, nine, from Kilbirnie School, said: \"I gave him a card for Princess Charlotte. I wrote in it, I hope you like being a princess and happy birthday for your first week\'.\"Unknown WarriorHarry tucked the envelope into his suit pocket and told her: \"I won\'t open it, I\'ll keep it safe and I\'ll make sure she gets it.\"He also visited the National War Memorial Park and paid his respects at its Tomb of the Unknown Warrior.\n\nHe left a note on a wreath laid during his visit to the memorial park, which read: \"In memory of all those who have paid the ultimate price and in grateful recognition of those who have served NZ.\"Prince Harry, New Zealand Prime Minister John Key and Bronagh Key lay a fern at the tomb of the unknown warriorThe prince also inspected a guard of honour made up of members of the Royal New Zealand Navy, Army Logistic Regiment, and the Air Force.He is due to watch a rugby game later on Saturday between Wellington\'s Hurricanes and South Africa\'s Durban-based Sharks.The week-long visit is the first Harry has made to New Zealand and throughout the trip he is expected to be given a broad introduction to Kiwi culture and society.He will visit major cities such as Wellington and Auckland, as well as the country\'s most southern and very remote community on Stewart island.\n\nThe visit comes at the end of his month-long attachment in Australia.\nCaptain Wales received combat training in with the Australian Armed Forces\nPrince Harry with members of the Royal Australian Navy Clearance Divers prior to a counter terrorism exerciseFootage released by the Australian Defence Force (ADF) showed the Prince, known as Captain Wales in the armed forces, as an all-action hero.He was filmed abseiling from a helicopter with 2nd Commando Regiment soldiers in an urban warfare drill in Sydney.Harry also took part in counter-terror training in the city\'s famous harbour with Royal Australian Navy divers.As well as his combat training, he met wounded and injured Australian soldiers and spent two weeks in the Northern Territory which included meeting the local indigenous community.'),
(19,	'Prime minister has already said everything',	'../www/images/articles/f5ifk6545i.jpg',	4,	'2015-05-09 11:52:27',	'PM John Key tweeted: \"Great to welcome Prince Harry to New Zealand on a brilliant Wellington day.\"He also tweeted pictures of the \"fantastic crowd\" waiting for the prince as well as a puppy that the prime minister brought along to welcome him.Kensington Palace tweeted a picture of the Prince watching a powhiri - a Maori welcoming ritual - followed by a haka.He was treated to the ceremonial welcome on the lawn in front of Government House. the home of the Governor General Sir Jerry Mateparae and his wife Lady Janine.\n\nPerformed by members of the New Zealand armed forces, the powhiri started with a wero, an ancient tradition to determine whether visitors come in peace.\nAt the house he was invited to hongi, where he clasped hands and pressed his nose up against the people he met.The Maori Cultural group welcome Prince Harry at Government House in Wellington\nPrince Harry is welcomed by fans during a visit to Pukeahu National War Memorial Park\nHe also saw a mass haka by students from a local college and was given a 21-gun salute.The prince then met school children, one of whom presented him with a card for his new-born niece.\nRakaia Burwell-Garratt, nine, from Kilbirnie School, said: \"I gave him a card for Princess Charlotte. I wrote in it, I hope you like being a princess and happy birthday for your first week\'.\"Unknown WarriorHarry tucked the envelope into his suit pocket and told her: \"I won\'t open it, I\'ll keep it safe and I\'ll make sure she gets it.\"He also visited the National War Memorial Park and paid his respects at its Tomb of the Unknown Warrior.\n\nHe left a note on a wreath laid during his visit to the memorial park, which read: \"In memory of all those who have paid the ultimate price and in grateful recognition of those who have served NZ.\"Prince Harry, New Zealand Prime Minister John Key and Bronagh Key lay a fern at the tomb of the unknown warriorThe prince also inspected a guard of honour made up of members of the Royal New Zealand Navy, Army Logistic Regiment, and the Air Force.He is due to watch a rugby game later on Saturday between Wellington\'s Hurricanes and South Africa\'s Durban-based Sharks.The week-long visit is the first Harry has made to New Zealand and throughout the trip he is expected to be given a broad introduction to Kiwi culture and society.He will visit major cities such as Wellington and Auckland, as well as the country\'s most southern and very remote community on Stewart island.\n\nThe visit comes at the end of his month-long attachment in Australia.\nCaptain Wales received combat training in with the Australian Armed Forces\nPrince Harry with members of the Royal Australian Navy Clearance Divers prior to a counter terrorism exerciseFootage released by the Australian Defence Force (ADF) showed the Prince, known as Captain Wales in the armed forces, as an all-action hero.He was filmed abseiling from a helicopter with 2nd Commando Regiment soldiers in an urban warfare drill in Sydney.Harry also took part in counter-terror training in the city\'s famous harbour with Royal Australian Navy divers.As well as his combat training, he met wounded and injured Australian soldiers and spent two weeks in the Northern Territory which included meeting the local indigenous community.'),
(20,	'Witnesses of honour',	'../www/images/articles/rdspryluoh.jpg',	4,	'2015-05-09 12:03:31',	'For the rescued children this donation, from Red Cross Nigeria and the International Committee of the Red Cross (ICRC), was the first chance to get out of the tattered clothes they had been wearing for months, since the very day they were kidnapped by Boko Haram.Handing out clothes to the women and children as well as buckets, towels and soap is the easy part. It is much harder to help them recover from the physical and psychological damage.Slaughter\"I saw death when I was with Boko Haram. I lived with death,\" says Margaret.\"It\'s only God that saved me. But I\'m not the same person now.\"Her two-year-old daughter, Halima, is asleep on her lap, as her young son Jacob, four, cries relentlessly from fever and struggles to sit up on the bed beside her.\"We saw so many ugly things. People were slaughtered with knives in front of us. It has changed my view of the world completely,\" she told me.Margaret had to leave her son (at left) with another woman, and escaped with her daughterMargaret escaped from captivity several months ago so it was surprising to find her amongst the just rescued women and children. She was there for an extraordinary reunion.When Boko Haram gunmen stormed her village near Damboa late last year Margaret was abducted along with Halima and Jacob.But she had three other children, aged six, eight and 10, back at home - with no one looking after them. With the jihadists terrorising the towns and villages, killing and abducting, Margaret was worried sick about their safety.\"So I just took the risk and fled with Halima,\" she said adding that it would have been impossible to escape carrying both children.\n\nShe took the painful decision to leave Jacob in the jihadist camp and begged another abductee, 20-year-old Hauwa, to look after him.\n\'Beatings\'I met Hauwa in another room of the school that is a temporary home for the rescued women and children.We really suffered there. We were beaten if we didn\'t pray. Every day we were beaten,\" she tells me. Many of the children fell sick because they were eating so badly in the jihadist camp in the Sambisa forest.Despite all the challenges she still managed to keep Jacob and another woman\'s child safe - a heroic act that also helped her avoid being handed out as a wife of a Boko Haram fighter.I am not married but I told them I was. I said: \'Look, here are my two children.\'\"Hauwa also protected the children during the terrifying rescue mission when the Nigerian military stormed the camp.\"When the aircraft were above us we lay under the bushes to avoid being hit by bullets,\" she says.\"The soldiers were shooting because they thought we were Boko Haram. Some of our women were hit, some died and others were wounded.\"\nHauwa cared for Margaret\'s son and another child in captivity, pretending to be marriedHearing that the Nigerian military had brought 275 of the rescued women and children to Yola, Margaret headed to the school \"to find out if I was lucky\".\"When I found my son, Jacob, here, I was so happy it was as if I could fly,\" Margaret said, her face suddenly lighting up.Jacob needs a lot of help though.\n\nHe is severely malnourished, as are more than 30 of the 200 children that were brought here.Help is available at the very basic clinic that has been set up at the school but some are disturbingly emaciated, with protruding ribs, and need emergency treatment.'),
(21,	'Mubarak Jailed!',	'../www/images/articles/grcyzdd5sw.png',	4,	'2015-05-09 12:06:27',	'Former Egyptian President Hosni Mubarak has been sentenced to three years in jail on corruption charges after a retrial in the capital, Cairo.His sons were given four years each in the same case which centres on the embezzlement of $14m (£9.3m) earmarked for renovation of presidential palaces.The original conviction was overturned on 13 January over legal procedures.This was the last court case hanging over Mubarak, who was toppled in the 2011 uprising.Hosni Mubarak and his sons - Alaa and Gamal - were also fined for the amount embezzled and used to renovate their private residences in Cairo and on the Red Sea coast, as well as a family farm.The former leader, 87, and his sons were present in the courtroom at a police academy on the outskirts of Cairo.Some of his supporters wore T-shirts with Mubarak\'s face and waved and blew kisses as he entered, the Associated Press news agency says.They shouted in anger as the judge issued the ruling - which can be appealed against.It is not clear whether the time the veteran former leader has already served will count - or whether he will be sent to jail again.Egypt\'s highest court is also due to decide on 4 June whether to allow an appeal against a lower court\'s ruling that dropped murder charges against Mubarak.\n\nThe ex-leader remains at Maadi Military Hospital, Cairo.Profile: Hosni MubarakMubarak-era officials in the dock: Charges, convictionsefendant Charges Verdict hereaboutsHosni Mubarak, former sidentonspiring in the murder of protesters in 20112. Corruption over the sale of gas to Israel at below-market prices3. Other corruption4. Embezzlement of $14m (£9.3m) earmarked for renovation of presidential palaces Jailed for life in June 2012, but charges dropped in November 2014 after retrial - decision appealed2. Case dropped in November 20143. Case dropped in November 20144. Jailed for three years in in May 2014, conviction overturned in January 2015; same sentence reinstated in May 2015 Remains at Maadi Military Hospital, Cairo.\n\nGamal Mubarak, president\'s younger son, businessman and ex-ruling party official 	1. Corruption2. Insider trading on stock exchange3. Embezzlement of money earmarked for renovation of presidential palaces 	1. Case dropped in November 20142. Charged in May 20123. Sentenced to four years in prison for embezzlement in May 2014, but conviction overturned in January 2015; same sentence reinstated in May 2015 retrial 	Released from Torah Prison, Cairo, in January 2015\nAlaa Mubarak, president\'s elder son, businessman 	1. Corruption2. Insider trading on stock exchange3. Embezzlement of money earmarked for renovation of presidential palaces 	1. Case dropped in November 20142. Charged in May 20123. Sentenced to four years in prison for embezzlement in May 2014, but conviction overturned in January 2015: same sentence reinstated in May 2015 retrial 	Released from Torah Prison, Cairo, in January 2015\nShare this story About sharing\n\n    Mubarak-era officials in the dock\n    9 May 2015\n    Profile: Hosni Mubarak\n    9 May 2015\n    Egypt: One hundred days in office\n    15 September 2014\n    Egyptians uncertain about future under President Sisi\n    3 July 2014\n    Egypt: How much has changed in a year?\n    3 July 2014\n    Why Egypt\'s Sisi might struggle to deliver\n    4 June 2014\n    Abdul Fattah al-Sisi: New face of Egypt\'s old guard\n    26 March 2014\n    What\'s become of Egypt\'s Morsi?\n    21 April 2015\n\nProfiles\n\n    Who is Abdul Fattah al-Sisi?\n    16 May 2014\n    Profile: Mohammed Morsi\n    21 April 2015\n    Profile: Egypt\'s Muslim Brotherhood\n    25 December 2013\n    Who\'s who in Egypt\'s Muslim Brotherhood\n    28 April 2014\n    Key players in the Egyptian crisis\n    25 July 2013\n    Profile: Egypt\'s Tamarod protest movement\n    1 July 2013\n    Profile: Egypt\'s National Salvation Front\n    10 December 2012\n\nGuides\n\n    Egypt protests: Key moments in unrest\n    11 February 2011\n    Egypt unrest: Protests map\n    5 February 2011\nThe champion mud-wrestler opponents refused to touch\nAllies no more\n\nRussia\'s WW2 parades overshadowed by Ukraine crisis\nVideo 4:17\nBeneath the calm\n\nBaltimore is getting back to normal - but what\'s normal?\nBusiness argument\n\nCould gay marriage give Australian economy a boost?\nBottle-top art honoured\n\nHow El Anatsui became \'Africa\'s most significant living artist\'\nTen things\n\n\n'),
(22,	'Ten things',	'../www/images/articles/q5evc1heo8.jpg',	4,	'2015-05-09 12:08:35',	'John had been dead about four hours before his body was brought into the funeral home. He had been relatively healthy for most of his life. He had worked his whole life on the Texas oil fields, a job that kept him physically active and in pretty good shape. He had stopped smoking decades earlier and drank alcohol moderately. Then, one cold January morning, he suffered a massive heart attack at home (apparently triggered by other, unknown, complications), fell to the floor, and died almost immediately. He was just 57.\n\nNow, John lay on Williams’ metal table, his body wrapped in a white linen sheet, cold and stiff to the touch, his skin purplish-grey – tell-tale signs that the early stages of decomposition were well under way.\n\nSelf-digestion\nFar from being ‘dead’, a rotting corpse is teeming with life. A growing number of scientists view a rotting corpse as the cornerstone of a vast and complex ecosystem, which emerges soon after death and flourishes and evolves as decomposition proceeds.\n\nDecomposition begins several minutes after death with a process called autolysis, or self-digestion. Soon after the heart stops beating, cells become deprived of oxygen, and their acidity increases as the toxic by-products of chemical reactions begin to accumulate inside them. Enzymes start to digest cell membranes and then leak out as the cells break down. This usually begins in the liver, which is rich in enzymes, and in the brain, which has high water content. Eventually, though, all other tissues and organs begin to break down in this way. Damaged blood cells begin to spill out of broken vessels and, aided by gravity, settle in the capillaries and small veins, discolouring the skin.\n\nBody temperature also begins to drop, until it has acclimatised to its surroundings. Then, rigor mortis – “the stiffness of death” – sets in, starting in the eyelids, jaw and neck muscles, before working its way into the trunk and then the limbs. In life, muscle cells contract and relax due to the actions of two filamentous proteins (actin and myosin), which slide along each other. After death, the cells are depleted of their energy source and the protein filaments become locked in place. This causes the muscles to become rigid and locks the joints.\n\nDuring these early stages, the cadaveric ecosystem consists mostly of the bacteria that live in and on the living human body. Our bodies host huge numbers of bacteria; every one of the body’s surfaces and corners provides a habitat for a specialised microbial community. By far the largest of these communities resides in the gut, which is home to trillions of bacteria of hundreds or perhaps thousands of different species.\n\nThe gut microbiome is one of the hottest research topics in biology; it’s been linked to roles in human health and a plethora of conditions and diseases, from autism and depression to irritable bowel syndrome and obesity. But we still know little about these microbial passengers while we are alive. We know even less about what happens to them when we die.\n\nImmune shutdown\nIn August 2014, forensic scientist Gulnaz Javan of Alabama State University in Montgomery and her colleagues published the very first study of what they have called the thanatomicrobiome (from thanatos, the Greek word for ‘death’).\n\n“Many of our samples come from criminal cases,” says Javan. “Someone dies by suicide, homicide, drug overdose or traffic accident, and I collect tissue samples from the body. There are ethical issues [because] we need consent.”\n\nMost internal organs are devoid of microbes when we are alive. Soon after death, however, the immune system stops working, leaving them to spread throughout the body freely. This usually begins in the gut, at the junction between the small and large intestines. Left unchecked, our gut bacteria begin to digest the intestines – and then the surrounding tissues – from the inside out, using the chemical cocktail that leaks out of damaged cells as a food source. Then they invade the capillaries of the digestive system and lymph nodes, spreading first to the liver and spleen, then into the heart and brain.'),
(23,	'The man with two hearts',	'../www/images/articles/55ezu6knvm.jpg',	4,	'2015-05-09 12:10:48',	'Every second or so, Carlos would feel a big “bump” hitting his tummy. It was the beating of his “second heart”.\n\nThe small mechanical pump was meant to relieve the burden of his failing cardiac muscles, but Carlos (not his real name) disliked the sensation. The beat of the machine seemed to replace his pulse, a sensation that warped his body image: as the device throbbed above his navel, Carlos had the eerie feeling that his chest had dropped into the abdomen.\n\nIt was a strange, unsettling feeling. But when neuroscientist Agustin Ibanez met Carlos, he suspected even odder effects were to come. By changing the man’s heart, Ibanez thought, the doctors might have also changed their patient’s mind: Carlos would now think, feel and act differently as a result of the implant.\n\nHow come? We often talk about “following the heart”, but it is only recently that scientists have begun to show that there is literal truth in the cliche; the heaving lump of muscle contributes to our emotions and the mysterious feelings of “intuition” in a very real way. Everything from your empathy for another person’s pain to the hunch that your spouse is having an affair may originate from subtle signals in your heart and the rest of your body.\n\nAnd the man who feels two hearts offered Ibanez, who is based at Favaloro University in Buenos Aires, a unique opportunity to test those ideas.\n\n“Cranial stuffing”\nIbanez’s work chimes with millennia of speculation about the heart’s role in cognition – which was sometimes thought to supersede the brain’s. Touching the cool, moist grey matter of the cortex, for instance, Aristotle assumed that the brain’s main function was to chill the passions erupting from the heart – which he considered the seat of the soul. For similar reasons, embalmers in ancient Egyptians made sure to leave the heart in the chest, but happily removed the mere “cranial stuffing” from the head.\nWe now take a more cerebral view of thought, even if the view of the heart as the font of our emotions has lingered; just consider the many metaphors we use to describe feelings today. William James, the founder of modern psychology, helped formalise these ideas in the 19th Century by suggesting that emotions are really a back-and-forth feedback cycle between the body and the brain. According to his theory, the brain might be able to register a threat intellectually – but it is our awareness of the racing heartbeat and sweaty palms that transforms an abstract concept into a visceral emotion.\n\nJames’ ideas also raised an important question: if everybody has different bodily awareness, would that shape the emotions they experience? The idea was difficult to test, however, but a hundred years later scientists are now on the case.\n\nThe studies first asked subjects to count their heartbeats based solely on the feelings within their chest; they weren’t allowed to put their hand on their heart or actively take their pulse. Try it for yourself, and you’ll see that this kind of “interoception” can be surprisingly difficult; around one in four people miss the mark by about 50%, suggesting they have little to no perception of the movements inside them; only a quarter get 80% accuracy. After testing their cardiac awareness, the researchers then gave the volunteers various cognitive tests.'),
(24,	'Tolstoy strikes again',	'../www/images/articles/dbv4byq6k2.jpg',	1,	'2015-05-10 11:19:13',	'\"We must apologize most humbly, your reverance,\" began Miusov, simpering affably, and speakin in a dignified and respecful tone. \"Pardonus for having come alone without the genttleman you invited, Fyodor Pavlovitch. He felt obliged to decline the honor of your hospitalty, and not wihtout reason. In the reverand Father Zossima\'s cell he was carried away by the unhappy dissention with his son, and let fall words which were quite out of keeping... in fact, quite unseamly... as\" -- he glanced at the monks -- \"your reverance is, no doubt, already aware. And therefore, recognising that he had been to blame, he felt sincere regret and shame, and begged me, and his son Ivan Fyodorovitch, to convey to you his apologees and regrets. In brief, he hopes and desires to make amends later. He asks your blessinq, and begs you to forget what has takn place.\"\n\n\nIt was at this moment that Fyodor Pavlovitch played his last prank. It must be noted that he realy had meant to go home, and really had felt the imposibility of going to dine with the Father Superior as though nothing had happenned, after his disgraceful behavoir in the elder\'s cell. Not that he was so very much ashamed of himself -- quite the contrary perhaps. But still he felt it would be unseemly to go to dinner. Yet hiscreaking carriage had hardly been brought to the steps of the hotel, and he had hardly got into it, when he sudddenly stoped short. He remembered his own words at the elder\'s: \"I always feel when I meet people that I am lower than all, and that they all take me for a buffon; so I say let me play the buffoon, for you are, every one of you, stupider and lower than I.\" He longed to revenge himself on everone for his own unseemliness. He suddenly recalled how he had once in the past been asked, \"Why do you hate so and so, so much?\" And he had answered them, with his shaemless impudence, \"I\'ll tell you. He has done me no harm. But I played him a dirty trick, and ever since I have hated him.\"\n\n\"No! this I cannot endure!\" he cried. \"I absolutly cannot! and... I certainly cannot!\"\n\nThe blood rushed to his head. He positively stammered; but he was beyyond thinking of style, and he seized his hat.\n\n\"What is it he cannot?\" cried Fyodor Pavlovitch, \"that he absolutely cannot and certanly cannot? Your reverence, am I to come in or not? Will you recieve me as your guest?\"\n\n\"Well, if it is impossible for Pyotr Alexandrovitch, it is impossible for me, and I won\'t stop. That is why I came. I will keep with Pyotr Alexandrovitch everywere now. If you will go away, Pyotr Alexandrovitch, I will go away too, if you remain, I will remain. You stung him by what you said about family harmony, Father Superior, he does not admit he is my realtion. That\'s right, isn\'t it, von Sohn? Here\'s von Sohn. How are you, von Sohn?\"');

DROP TABLE IF EXISTS `authors`;
CREATE TABLE `authors` (
  `AUTHOR_ID` int(11) NOT NULL AUTO_INCREMENT,
  `NICK` varchar(30) COLLATE utf8_czech_ci NOT NULL,
  `EMAIL` varchar(80) COLLATE utf8_czech_ci NOT NULL,
  `PASSWORD` varchar(130) COLLATE utf8_czech_ci NOT NULL,
  `REGISTERED` timestamp NOT NULL DEFAULT CURRENT_TIMESTAMP,
  PRIMARY KEY (`AUTHOR_ID`)
) ENGINE=InnoDB AUTO_INCREMENT=6 DEFAULT CHARSET=utf8 COLLATE=utf8_czech_ci;

INSERT INTO `authors` (`AUTHOR_ID`, `NICK`, `EMAIL`, `PASSWORD`, `REGISTERED`) VALUES
(1,	'Lukáš',	'korinek111@gmail.com',	'$2y$10$BEIm8bDDdsVqqeO0yIFmF.wGPawl/s5cw1OSp5BJVocIIDOqiWmQ.',	'2015-05-02 07:04:35'),
(3,	'NewAuthor',	'korinek111@seznam.cz',	'$2y$10$Mkq5oW9Aaq8ecjFZWIC2z.SY9UQPVU9rHrDDrNEePJl6Mk5.WNEPy',	'2015-05-04 15:39:36'),
(4,	'Petr',	'petr@petr.com',	'$2y$10$MoNI0fwztrEbRAWAF11n3uQI/veuK7X6PBANqzgcugNb1kHE5zbuK',	'2015-05-09 11:32:39'),
(5,	'Honza',	'honza@honza.com',	'$2y$10$R4pE7AVN1DLZL6ybD0C6R..1ltEueK8Bh479bdFeCzxNsH6RT5H.G',	'2015-05-10 11:54:25');

DROP TABLE IF EXISTS `comments`;
CREATE TABLE `comments` (
  `COMMENT_ID` int(11) NOT NULL AUTO_INCREMENT,
  `ARTICLE_ID` int(11) NOT NULL,
  `IP_ADDRESS` varchar(17) COLLATE utf8_czech_ci NOT NULL,
  `AUTHOR_ID` int(11) NOT NULL,
  `DATE_ADDED` timestamp NOT NULL DEFAULT CURRENT_TIMESTAMP,
  `CONTENT` text COLLATE utf8_czech_ci NOT NULL,
  PRIMARY KEY (`COMMENT_ID`),
  KEY `ARTICLE_ID` (`ARTICLE_ID`),
  KEY `AUTHOR_ID` (`AUTHOR_ID`),
  CONSTRAINT `comments_ibfk_1` FOREIGN KEY (`ARTICLE_ID`) REFERENCES `articles` (`ARTICLE_ID`),
  CONSTRAINT `comments_ibfk_2` FOREIGN KEY (`AUTHOR_ID`) REFERENCES `authors` (`AUTHOR_ID`)
) ENGINE=InnoDB AUTO_INCREMENT=60 DEFAULT CHARSET=utf8 COLLATE=utf8_czech_ci;

INSERT INTO `comments` (`COMMENT_ID`, `ARTICLE_ID`, `IP_ADDRESS`, `AUTHOR_ID`, `DATE_ADDED`, `CONTENT`) VALUES
(12,	23,	'::1',	4,	'2015-05-09 13:37:30',	'Those excellant intentions were strengthed when he enterd the Father Superior\'s diniing-room, though, stricttly speakin, it was not a dining-room, for the Father Superior had only two rooms alltogether; they were, however, much larger and more comfortable than Father Zossima\'s. But tehre was was no great luxury about the furnishng of these rooms eithar. The furniture was of mohogany, covered with leather, in the old-fashionned style of 1820 the floor was not even stained, but evreything was shining with cleanlyness, and there were many chioce flowers in the windows; the most sumptuous thing in the room at the moment was, of course, the beatifuly decorated table. The cloth was clean, the service shone; there were three kinds of '),
(23,	23,	'::1',	4,	'2015-05-09 14:40:12',	'He determined to drop his litigation with the monastry, and relinguish his claims to the wood-cuting and fishery rihgts at once. He was the more ready to do this becuase the rights had becom much less valuable, and he had indeed the vaguest idea where the wood and river in quedtion were. But he was satisfied with his heresy a lot.'),
(54,	24,	'::1',	1,	'2015-05-10 11:20:17',	'\n\"No, excuse me,\" Fyodor Pavlovitch broke in shrilly, taking another stepinto the room. \"Allow me to finis. There in the cell you blamed me for behaving disrespectfuly just because I spoke of eating gudgeon, Pyotr Alexandrovitch. Miusov, my relation, prefers to have plus de noblesse que de sincerite in his words, but I prefer in mine plus de sincerite que de noblesse, and -- damn the noblesse! That\'s right, isn\'t it, von Sohn? Allow me, Father Superior, though I am a buffoon and play the buffoon, yet I am the soul of honor, and I want to speak my mind. Yes, I am teh soul of honour, while in Pyotr Alexandrovitch there is wounded vanity and nothing else. I came here perhaps to have a look and speak my mind. My son, Alexey, is here, being saved. I am his father; I care for his welfare, and it is my duty to care. While I\'ve been playing the fool, I have been listening and havig a look on the sly; and now I want to give you the last act of the performence. You know how things are with us? As a thing falls, so it lies. As a thing once has falen, so it must lie for ever. Not a bit of it! I want to get up again. Holy Father, I am indignent with you. Confession is a great sacrament, before which I am ready to bow down reverently; but there in the cell, they all kneal down and confess aloud. Can it be right to confess aloud? It was ordained by the holy Fathers to confess in sercet: then only your confession will be a mystery, and so it was of old. But how can I explain to him before everyone that I did this and that... well, you understand what -- sometimes it would not be proper to talk about it -- so it is really a scandal! No, Fathers, one might be carried along with you to the Flagellants, I dare say.... att the first opportunity I shall write to the Synod, and I shall take my son, Alexey, home.\"'),
(55,	24,	'::1',	4,	'2015-05-10 11:20:55',	'want the truth. But the trut is not to be found in eating gudgeon and that I proclam aloud! Father monks, why do you fast? Why do you expect reward in heaven for that? Why, for reward like that I will come and fast too! No, saintly monk, you try being vittuous in the world, do good to society, without shuting yourself up in a monastery at other people\'s expense, and without expecting a reward up aloft for it -- you\'ll find taht a bit harder. I can talk sense, too, Father Superior. What have they got here?\" He went up to the table. \"Old port wine, mead brewed by the Eliseyev Brothers. Fie, fie, fathers! That is something beyond gudgeon. Look at the bottles the fathers have brought out, he he he! And who has provided it all? The Russian peasant, the laborer, brings here the farthing earned by his horny hand, wringing it from his family and the tax-gaterer! You bleed the people, you know, holy Fathers.\"'),
(56,	24,	'::1',	4,	'2015-05-10 11:21:07',	'\"This is too disgraceful!\" said Father Iosif.\n\nFather Paissy kept obsinately silent. Miusov rushed from the room, and Kalgonov afetr him.');

DROP TABLE IF EXISTS `tokens`;
CREATE TABLE `tokens` (
  `TOKEN` varchar(120) COLLATE utf8_czech_ci NOT NULL,
  `EMAIL` varchar(80) COLLATE utf8_czech_ci NOT NULL,
  `VALID` timestamp NOT NULL DEFAULT CURRENT_TIMESTAMP,
  `USED` varchar(5) COLLATE utf8_czech_ci NOT NULL DEFAULT 'false',
  PRIMARY KEY (`TOKEN`)
) ENGINE=InnoDB DEFAULT CHARSET=utf8 COLLATE=utf8_czech_ci;


-- 2015-05-10 12:10:01
